"Hurghada:",,"compound",,,,,,,,,,,,,,,
"GoogleMapsURL","Name","Phone","Rating","ReviewsCount","Website","Address","VisibleCategory","Category"
"https://www.google.com/maps/place/Compound+Dow+Heights+Hurghada/data=!4m7!3m6!1s0x14528721dde5dc57:0xaf0f166dcc744bcb!8m2!3d27.196136!4d33.837006!16s%2Fg%2F11btrrhc0h!19sChIJV9zl3SGHUhQRy0t0zG0WD68?authuser=0&hl=en&rclk=1","Compound Dow Heights Hurghada","0224156317","106","4.1","N/A"," 5RWP+FR2, Hurghada 1, Red Sea Governorate 1963402 ","Housing development","compound"
"https://www.google.com/maps/place/Blue+Stars+Compound/data=!4m7!3m6!1s0x1452879375e61f01:0x51ccad4d51abd49b!8m2!3d27.2224259!4d33.82092!16s%2Fg%2F11f_lv_1q_!19sChIJAR_mdZOHUhQRm9SrUU2tzFE?authuser=0&hl=en&rclk=1","Blue Stars Compound","01094666430","56","3.8","N/A"," 6RCC+X9F، طريق الحجاز، قسم، الغردقة،, Hurghada 1, Red Sea Governorate ","Business center","compound"
"https://www.google.com/maps/place/Dreem+City+Compound/data=!4m7!3m6!1s0x145287b240111b89:0xe39d204e03969221!8m2!3d27.2196761!4d33.819492!16s%2Fg%2F11lrpn63zq!19sChIJiRsRQLKHUhQRIZKWA04gneM?authuser=0&hl=en&rclk=1","Dreem City Compound","N/A","13","4.1","N/A"," 6R99+VQH, Hurghada 1, Red Sea Governorate 1952210 ","Condominium complex","compound"
"https://www.google.com/maps/place/Al+Makramia+Compound/data=!4m7!3m6!1s0x145287190ff49607:0x267cc2c75e7b2540!8m2!3d27.1923659!4d33.8330397!16s%2Fg%2F11lrknzlm4!19sChIJB5b0DxmHUhQRQCV7XsfCfCY?authuser=0&hl=en&rclk=1","Al Makramia Compound","380502118676","13","4.2","N/A"," 5RRM+W6V, Touristic Villages, Hurghada 1, Red Sea Governorate 1963112 ","Apartment building","compound"
"https://www.google.com/maps/place/CLEOPATRA+COMPOUND/data=!4m7!3m6!1s0x1452870a7df80be7:0xc2422c4f6be56a7b!8m2!3d27.2271573!4d33.8156206!16s%2Fg%2F11pzfs45zb!19sChIJ5wv4fQqHUhQRe2rla08sQsI?authuser=0&hl=en&rclk=1","CLEOPATRA COMPOUND","N/A","2","5.0","N/A"," 6RG8+V69, Hurghada 1, Red Sea Governorate 1952312 ","Apartment complex","compound"
"https://www.google.com/maps/place/Stanly+Compound/data=!4m7!3m6!1s0x145287da5ea5cad5:0x876497a577c25805!8m2!3d27.1970659!4d33.8414117!16s%2Fg%2F11p4qk8mzm!19sChIJ1cqlXtqHUhQRBVjCd6WXZIc?authuser=0&hl=en&rclk=1","Stanly Compound","01151066776","32","4.6","N/A"," Unnamed Road, Hurghada, Red Sea Governorate ","Holiday apartment rental","compound"
"https://www.google.com/maps/place/Lotus+Compound/data=!4m7!3m6!1s0x14528719f31b146d:0x73b647d1268c60d6!8m2!3d27.2003616!4d33.8244387!16s%2Fg%2F11rggqfyw1!19sChIJbRQb8xmHUhQR1mCMJtFHtnM?authuser=0&hl=en&rclk=1","Lotus Compound","N/A","4","5.0","N/A"," 6R2F+4QW, Hurghada 1, Red Sea Governorate 1964001 ","Apartment building","compound"
"https://www.google.com/maps/place/Eagle+Compound/data=!4m7!3m6!1s0x14528700709e3e17:0xcb391f888428dfd3!8m2!3d27.1967975!4d33.8238114!16s%2Fg%2F11x77wwp3r!19sChIJFz6ecACHUhQR098ohIgfOcs?authuser=0&hl=en&rclk=1","Eagle Compound","01223866130","2","5.0","N/A"," 5RWF+PG7, Touristic Villages, Hurghada 1, Red Sea Governorate 1962737 ","Apartment building","compound"
"https://www.google.com/maps/place/Paradise+Compound/data=!4m7!3m6!1s0x1452863493b3125f:0x3addf33291a6e3fe!8m2!3d27.2404375!4d33.8429375!16s%2Fg%2F11b_2s060_!19sChIJXxKzkzSGUhQR_uOmkTLz3To?authuser=0&hl=en&rclk=1","Paradise Compound","01273702996","27","4.5","N/A"," 6RRV+559 Talateen, شارع التلاتيني, Red Sea Governorate ","Property management company","compound"
"https://www.google.com/maps/place/La+Rose+Compound/data=!4m7!3m6!1s0x14528712ce3c9935:0x708e6a5b4529a60e!8m2!3d27.1881226!4d33.8220481!16s%2Fg%2F11t3gdn2bb!19sChIJNZk8zhKHUhQRDqYpRVtqjnA?authuser=0&hl=en&rclk=1","La Rose Compound","N/A","9","4.2","N/A"," 5RQC+6RV, Touristic Villages, Hurghada 1, Red Sea Governorate 1962711 ","Housing complex","compound"
"https://www.google.com/maps/place/Diamond+compound/data=!4m7!3m6!1s0x145287242d8d356f:0x776d2273010828b4!8m2!3d27.1939063!4d33.8262136!16s%2Fg%2F11q7c5qq06!19sChIJbzWNLSSHUhQRtCgIAXMibXc?authuser=0&hl=en&rclk=1","Diamond compound","N/A","22","4.4","N/A"," 5RVG+HF8, Unnamed Road, Touristic Villages, Red Sea Governorate ","Holiday apartment rental","compound"
"https://www.google.com/maps/place/Montana+compound/data=!4m7!3m6!1s0x145287884e464be9:0xfea13e3d4ca350a2!8m2!3d27.1945636!4d33.82673!16s%2Fg%2F11h540_5kh!19sChIJ6UtGToiHUhQRolCjTD0-of4?authuser=0&hl=en&rclk=1","Montana compound","01111909222","55","4.6","N/A"," 5RVG+RMH, حى الكوثر اول، قسم الغردقة، البحر الأحمر،،, Hurghada 1 ","Hotel","compound"
"https://www.google.com/maps/place/Studio+Chalet+Lotus+Compound/data=!4m7!3m6!1s0x14528799d0891b3d:0xc1a7c67ae45fdffc!8m2!3d27.1922397!4d33.8307914!16s%2Fg%2F11fm5m7kfd!19sChIJPRuJ0JmHUhQR_N9f5HrGp8E?authuser=0&hl=en&rclk=1","Studio Chalet Lotus Compound","01032455092","15","4.3","N/A"," Touristic Promenade in Hurghada Hurghada، 10040 ","Apartment building","compound"
"https://www.google.com/maps/place/Desert+pearl+apartments/data=!4m10!3m9!1s0x1452873a8a92c90d:0x35c9eff8a3232dfc!5m2!4m1!1i2!8m2!3d27.1900988!4d33.8267976!16s%2Fg%2F1td2qkmm!19sChIJDcmSijqHUhQR_C0jo_jvyTU?authuser=0&hl=en&rclk=1","Desert pearl apartments","01289089788","702","3.9","N/A"," Desert Pearl, Bowling St, Touristic Villages, Hurghada 1, Red Sea Governorate 84517 ","N/A","compound"
"https://www.google.com/maps/place/Florenza+Khamsin+Residential+Apartments/data=!4m7!3m6!1s0x145287c3f9952d69:0x3c23d3743d99a241!8m2!3d27.2424311!4d33.8413868!16s%2Fg%2F11hz1hmsq5!19sChIJaS2V-cOHUhQRQaKZPXTTIzw?authuser=0&hl=en&rclk=1","Florenza Khamsin Residential Apartments","01004402733","422","4.2","N/A"," 6RRR+XHC, Hurghada 1, Red Sea Governorate 1966754 ","Condominium complex","compound"
"https://www.google.com/maps/place/Tiba+Plaza+Compound/data=!4m7!3m6!1s0x14526330894ff0f9:0xa61dc9801f3fe603!8m2!3d27.295173!4d33.737495!16s%2Fg%2F11cs4hfz9p!19sChIJ-fBPiTBjUhQRA-Y_H4DJHaY?authuser=0&hl=en&rclk=1","Tiba Plaza Compound","01550228836","44","4.3","N/A"," 7PWP+3X9, Hurghada 2, Red Sea Governorate 1981440 ","Apartment complex","compound"
"https://www.google.com/maps/place/The+View+Hurghada/data=!4m10!3m9!1s0x145286fb3a86fe7d:0xb65d56b23ad32ce6!5m2!4m1!1i2!8m2!3d27.204981!4d33.8485317!16s%2Fg%2F1yfdpblyb!19sChIJff6GOvuGUhQR5izTOrJWXbY?authuser=0&hl=en&rclk=1","The View Hurghada","N/A","1","4.4","https://ekd.com.eg/"," 6R4V+6R، Old, Sheraton Rd, Hurghada 1, Red Sea Governorate 84511 ","N/A","compound"
"https://www.google.com/maps/place/Star+Compound/data=!4m7!3m6!1s0x145287c1eb4a9575:0x96220bffb24085f1!8m2!3d27.1961505!4d33.8240384!16s%2Fg%2F11ty796mgl!19sChIJdZVK68GHUhQR8YVAsv8LIpY?authuser=0&hl=en&rclk=1","Star Compound","01095601191","4","3.0","N/A"," 5RWF+8V5, Touristic Villages, Hurghada 1, Red Sea Governorate 1962737 ","Apartment complex","compound"
"https://www.google.com/maps/place/Hurghada+Heights/data=!4m7!3m6!1s0x14528793eb16087b:0xa28d2adf79f66e85!8m2!3d27.2055724!4d33.844137!16s%2Fg%2F11s7zbhwgr!19sChIJewgW65OHUhQRhW72ed8qjaI?authuser=0&hl=en&rclk=1","Hurghada Heights","01227093393","5","5.0","N/A"," 6R4V+6MC The View Compound, Sheraton Rd, Hurghada 1, Red Sea Governorate 84511 ","Housing complex","compound"
"https://www.google.com/maps/place/Elite+Compound+-+%D9%83%D9%85%D8%A8%D9%88%D9%86%D8%AF+%D8%A5%D9%8A%D9%84%D9%8A%D8%AA%E2%80%AD/data=!4m7!3m6!1s0x145287000de194cf:0xda94144026c386e2!8m2!3d27.1964036!4d33.829977!16s%2Fg%2F11lzh9nzmq!19sChIJz5ThDQCHUhQR4obDJkAUlNo?authuser=0&hl=en&rclk=1","Elite Compound - كمبوند إيليت","01283188111","2","5.0","N/A"," 5RWH+HX9, Hurghada 1, Red Sea Governorate 1963312 ","Apartment building","compound"
"https://www.google.com/maps/place/Compound+Empire+Suites/data=!4m7!3m6!1s0x14526325158f66d3:0x7a171315a257ecad!8m2!3d27.2964049!4d33.7419931!16s%2Fg%2F11c56b45zq!19sChIJ02aPFSVjUhQRrexXohUTF3o?authuser=0&hl=en&rclk=1","Compound Empire Suites","01150993084","3","4.7","N/A"," 7PWR+HQ9, Hurghada, Red Sea Governorate 1981441 ","Apartment complex","compound"
"https://www.google.com/maps/place/Legend+compound/data=!4m7!3m6!1s0x1452870072a0ab09:0x5a00263276ab5736!8m2!3d27.1945222!4d33.8317155!16s%2Fg%2F11m78q_5mr!19sChIJCaugcgCHUhQRNlerdjImAFo?authuser=0&hl=en&rclk=1","Legend compound","N/A","N/A","N/A","N/A"," 5RVJ+VGQ, Touristic Villages, Hurghada 1, Red Sea Governorate 1963109 ","Apartment complex","compound"
"https://www.google.com/maps/place/%D9%83%D9%85%D8%A8%D9%88%D9%86%D8%AF+%D8%B3%D9%83%D8%A7%D9%8A%E2%80%AD/data=!4m7!3m6!1s0x145287ff49519991:0xb7c49658e9152b0b!8m2!3d27.2315995!4d33.8182914!16s%2Fg%2F11q7xrzysn!19sChIJkZlRSf-HUhQRCysV6ViWxLc?authuser=0&hl=en&rclk=1","كمبوند سكاي","01125242033","14","4.4","N/A"," Hurghada 1, Red Sea Governorate 1966403 ","Apartment complex","compound"

"Hurghada:",,"resort",,,,,,,,,,,,,,,
"GoogleMapsURL","Name","Phone","Rating","ReviewsCount","Website","Address","VisibleCategory","Category"
"https://www.google.com/maps/place/Melody+Compound/data=!4m7!3m6!1s0x1452874fade218a9:0x59e67aaf448f2467!8m2!3d27.1886218!4d33.8255078!16s%2Fg%2F11l3519ppb!19sChIJqRjirU-HUhQRZySPRK965lk?authuser=0&hl=en&rclk=1","Melody Compound","N/A","2","5.0","N/A"," 5RQG+C6R, Touristic Villages, Hurghada 1, Red Sea Governorate 1962711 ","Condominium complex","resort"
"https://www.google.com/maps/place/The+Chedi+El+Gouna/data=!4m10!3m9!1s0x14526791d2b285b7:0x17fc0fa3cd49a6f2!5m2!4m1!1i2!8m2!3d27.3966852!4d33.6831371!16s%2Fg%2F11t2xwy7ls!19sChIJt4Wy0pFnUhQR8qZJzaMP_Bc?authuser=0&hl=en&rclk=1","The Chedi El Gouna","0653545162","460","4.8","https://www.thechedielgouna.com/?utm_campaign=Google_My_Business&utm_medium=GMB&utm_source=Google_My_Business"," Hill Villas Rd, Hurghada 2, Red Sea Governorate 84513 ","N/A","resort"
"https://www.google.com/maps/place/Hurghada+Marriott+Beach+Resort/data=!4m10!3m9!1s0x145286e055b8f977:0xe55c35b6f39a9c49!5m2!4m1!1i2!8m2!3d27.1971563!4d33.8443649!16s%2Fg%2F1tcvf1l8!19sChIJd_m4VeCGUhQRSZya87Y1XOU?authuser=0&hl=en&rclk=1","Hurghada Marriott Beach Resort","0653404420","6","4.5","https://www.marriott.com/en-us/hotels/hrgeg-hurghada-marriott-beach-resort/overview/?scid=f2ae0541-1279-4f24-b197-a979c79310b0"," El Corniche Road, Hurghada, Red Sea Governorate ","N/A","resort"
"https://www.google.com/maps/place/Royal+Beach+Hurghada/data=!4m10!3m9!1s0x1452632257e0acb5:0xa533920a1d65e459!5m2!4m1!1i2!8m2!3d27.3024895!4d33.7432784!16s%2Fg%2F11b75mdyh9!19sChIJtazgVyJjUhQRWeRlHQqSM6U?authuser=0&hl=en&rclk=1","Royal Beach Hurghada","01208480034","755","4.1","http://royalbeach-hurghada.com/"," 8P2R+7R3, Hurgada - Al Ismaileya, Hurghada 2, Red Sea Governorate 1981741 ","N/A","resort"
"https://www.google.com/maps/place/The+Grand+Resort,+Hurghada/data=!4m10!3m9!1s0x145280cbe5cb618f:0xf8e6fc36301b6eaa!5m2!4m1!1i2!8m2!3d27.1746498!4d33.8234185!16s%2Fg%2F1tjxnqd5!19sChIJj2HL5cuAUhQRqm4bMDb85vg?authuser=0&hl=en&rclk=1","The Grand Resort, Hurghada","0653463107","8","4.0","https://redseahotels.com/resorts/hurghada/the-grand-resort/"," Corniche Road, Touristic Villages, Hurghada 1, Red Sea Governorate 1962541 ","N/A","resort"
"https://www.google.com/maps/place/Pickalbatros+White+Beach+Resort+-+Hurghada/data=!4m10!3m9!1s0x14528733cf897453:0xb2f731636e007ca6!5m2!4m1!1i2!8m2!3d27.1835443!4d33.8255955!16s%2Fg%2F11c3_1m094!19sChIJU3SJzzOHUhQRpnwAbmMx97I?authuser=0&hl=en&rclk=1","Pickalbatros White Beach Resort - Hurghada","0653463650","12","4.8","https://www.pickalbatros.com/hotels-resorts/albatros-white-beach/"," Mamsha Road (El, The Corniche، St, Hurghada, Red Sea Governorate ","N/A","resort"
"https://www.google.com/maps/place/Minamark+Beach+Resort+%26+Spa/data=!4m10!3m9!1s0x145287aa61ed76d3:0x8b299adb197f7a3b!5m2!4m1!1i2!8m2!3d27.217928!4d33.8384884!16s%2Fg%2F1ptw8s7sx!19sChIJ03btYaqHUhQRO3p_GduaKYs?authuser=0&hl=en&rclk=1","Minamark Beach Resort & Spa","01223277496","4","3.8","http://www.minamark.com/"," Sheraton Rd, Hurghada 1, Red Sea Governorate 84511 ","N/A","resort"
"https://www.google.com/maps/place/SUNRISE+Holidays+Resort+%28Adults+Only%29/data=!4m10!3m9!1s0x145287e44ad37ea9:0xeeba2c7f5666d5a1!5m2!4m1!1i2!8m2!3d27.2095756!4d33.8460807!16s%2Fg%2F1tdqx00j!19sChIJqX7TSuSHUhQRodVmVn8suu4?authuser=0&hl=en&rclk=1","SUNRISE Holidays Resort (Adults Only)","0653445081","23","4.8","http://www.sunrise-resorts.com/"," Cornish Road, Hurghada 1, Red Sea Governorate 99999 ","N/A","resort"
"https://www.google.com/maps/place/Sand+Beach+Resort/data=!4m10!3m9!1s0x145287de4ce0a255:0xf65ef692d1acd0f8!5m2!4m1!1i2!8m2!3d27.2603848!4d33.8208132!16s%2Fg%2F1td7qgwf!19sChIJVaLgTN6HUhQR-NCs0ZL2XvY?authuser=0&hl=en&rclk=1","Sand Beach Resort","0653547821","1","3.4","http://sandbeachresort.xyz/"," El Corniche Road, Hurghada 2, Red Sea Governorate 1973705 ","N/A","resort"
"https://www.google.com/maps/place/Pickalbatros+Blu+Spa+Resort+-+Hurghada/data=!4m10!3m9!1s0x144d7d2fa6963acf:0x9db37298868172aa!5m2!4m1!1i2!8m2!3d27.1825934!4d33.8249656!16s%2Fg%2F11qbkrxyjq!19sChIJzzqWpi99TRQRqnKBhphys50?authuser=0&hl=en&rclk=1","Pickalbatros Blu Spa Resort - Hurghada","0653463310","5","4.8","http://www.pickalbatros.com/"," Mamsha Road (The Corniche St, Hurghada, Red Sea Governorate 84517 ","N/A","resort"
"https://www.google.com/maps/place/Steigenberger+Aqua+Magic+Hotel/data=!4m10!3m9!1s0x145280c108d4037f:0xa52d5e5b796e5bbd!5m2!4m1!1i2!8m2!3d27.162313!4d33.822763!16s%2Fg%2F1q6640_jh!19sChIJfwPUCMGAUhQRvVtueVteLaU?authuser=0&hl=en&rclk=1","Steigenberger Aqua Magic Hotel","0653465200","29","4.7","https://steigenbergeraldauresort.com/en/steigenberger-aqua-magic"," Youssef Affifi Rd, Hurghada 1, Red Sea Governorate 1962522 ","N/A","resort"
"https://www.google.com/maps/place/Pickalbatros+Aqua+Vista+Resort+-+Hurghada/data=!4m10!3m9!1s0x1452817a481ef993:0xc522046cd8e398db!5m2!4m1!1i2!8m2!3d27.1254727!4d33.822244!16s%2Fg%2F1tdqwq66!19sChIJk_keSHqBUhQR25jj2GwEIsU?authuser=0&hl=en&rclk=1","Pickalbatros Aqua Vista Resort - Hurghada","0653464801","10","4.8","https://www.pickalbatros.com/hotels-resorts/aqua-vista-resort/"," Villages Road, Hurghada 1, Red Sea Governorate 84511 ","N/A","resort"
"https://www.google.com/maps/place/Tiba+Golden+Resort+Hurghada/data=!4m10!3m9!1s0x14528756c3efec0b:0xea4aeffd0d6254b5!5m2!4m1!1i2!8m2!3d27.2425656!4d33.8382679!16s%2Fg%2F11fvc80fq_!19sChIJC-zvw1aHUhQRtVRiDf3vSuo?authuser=0&hl=en&rclk=1","Tiba Golden Resort Hurghada","01029992991","62","4.0","https://www.redseaway.co/"," Hurghada 2, Red Sea Governorate 84517 ","N/A","resort"
"https://www.google.com/maps/place/Beach+Albatros+Resort/data=!4m10!3m9!1s0x1452804591ede1a7:0x61da4c4ebf81ae48!5m2!4m1!1i2!8m2!3d27.1221923!4d33.8292083!16s%2Fg%2F1tdktzhb!19sChIJp-HtkUWAUhQRSK6Bv05M2mE?authuser=0&hl=en&rclk=1","Beach Albatros Resort","0653464001","12","4.7","https://pickalbatros.com/hotels-resorts/beach-albatros-resort/"," 16 Hurghada - Safaga Rd, Hurghada 1, Red Sea Governorate 1962215 ","N/A","resort"
"https://www.google.com/maps/place/Sindbad+Club/data=!4m10!3m9!1s0x145287252feb5475:0x88eb75979463ff3d!5m2!4m1!1i2!8m2!3d27.1901214!4d33.8307472!16s%2Fg%2F1tfhwwn1!19sChIJdVTrLyWHUhQRPf9jlJd164g?authuser=0&hl=en&rclk=1","Sindbad Club","0653404228","12","4.6","https://sindbadclub.com/"," 1 Mohamed Said St, Touristic Villages, Hurghada 1, Red Sea Governorate 84511 ","N/A","resort"
"https://www.google.com/maps/place/Giftun+Azur+Resort/data=!4m10!3m9!1s0x145287316f43042d:0x59fc309bdb71dc48!5m2!4m1!1i2!8m2!3d27.1851532!4d33.8268876!16s%2Fg%2F1tf928v8!19sChIJLQRDbzGHUhQRSNxx25sw_Fk?authuser=0&hl=en&rclk=1","Giftun Azur Resort","01001712001","7","4.3","https://www.azurhospitality.com/"," Youssef Affifi Rd, Touristic Villages, Hurghada 1, Red Sea Governorate 1962804 ","N/A","resort"
"https://www.google.com/maps/place/Hurghada+Long+Beach+Resort/data=!4m10!3m9!1s0x144d7e23fcc5f61f:0x9922a751900f1d57!5m2!4m1!1i2!8m2!3d27.0818239!4d33.858488!16s%2Fg%2F12vrdg1x7!19sChIJH_bF_CN-TRQRVx0PkFGnIpk?authuser=0&hl=en&rclk=1","Hurghada Long Beach Resort","0653461500","12","4.2","https://hurghada-longbeach.com/"," Sahl Hashish Rd, Hurghada 1, Red Sea Governorate 84511 ","N/A","resort"
"https://www.google.com/maps/place/Pickalbatros+Aqua+Park+Resort+-+Hurghada/data=!4m10!3m9!1s0x145281c3268d004d:0xf42595203c61533c!5m2!4m1!1i2!8m2!3d27.1229928!4d33.8227647!16s%2Fg%2F11c54wnh6d!19sChIJTQCNJsOBUhQRPFNhPCCVJfQ?authuser=0&hl=en&rclk=1","Pickalbatros Aqua Park Resort - Hurghada","0653464801","11","4.7","https://www.pickalbatros.com/hotels-resorts/albatros-aqua-park-resort/"," Villages Road, Hurghada 1, Red Sea Governorate 84511 ","N/A","resort"
"https://www.google.com/maps/place/Imperial+Resort+Hurghada/data=!4m10!3m9!1s0x145265226c163369:0xf5d31b0998a94baa!5m2!4m1!1i2!8m2!3d27.3282122!4d33.693445!16s%2Fg%2F11frldwkqm!19sChIJaTMWbCJlUhQRqkupmAkb0_U?authuser=0&hl=en&rclk=1","Imperial Resort Hurghada","01011141158","148","4.5","https://imperialresorthurghada.com/"," Al Ahyaa, Hurghada 2, Red Sea Governorate 1982311 ","N/A","resort"
"https://www.google.com/maps/place/Regina+Resort+%26+Aqua+Park/data=!4m10!3m9!1s0x145287521dde15fd:0x4505cab1148ce18c!5m2!4m1!1i2!8m2!3d27.2198577!4d33.8379527!16s%2Fg%2F11g8v3xtrj!19sChIJ_RXeHVKHUhQRjOGMFLHKBUU?authuser=0&hl=en&rclk=1","Regina Resort & Aqua Park","0653442272","5","3.7","N/A"," Sheraton Rd, Hurghada 1, Red Sea Governorate 1964806 ","N/A","resort"
"https://www.google.com/maps/place/Hilton+Hurghada+Plaza/data=!4m10!3m9!1s0x14528193a74a2a35:0x10ac3fd65217e28!5m2!4m1!1i2!8m2!3d27.256716!4d33.8305494!16s%2Fg%2F113dk17pn!19sChIJNSpKp5OBUhQRKH4hZf3DCgE?authuser=0&hl=en&rclk=1","Hilton Hurghada Plaza","0653615755","5","4.5","https://www.hilton.com/en/hotels/hrghitw-hilton-hurghada-plaza/?SEO_id=GMB-EMEA-TW-HRGHITW"," Gabal El Hareem Street, Hurghada 2, Red Sea Governorate 84511 ","N/A","resort"
"https://www.google.com/maps/place/King+Tut+Aqua+Park+Beach+Resort+Hurghada/data=!4m10!3m9!1s0x145287d14622e537:0xb9e60a12299c26ef!5m2!4m1!1i2!8m2!3d27.2533789!4d33.8342824!16s%2Fg%2F1tj2qmz5!19sChIJN-UiRtGHUhQR7yacKRIK5rk?authuser=0&hl=en&rclk=1","King Tut Aqua Park Beach Resort Hurghada","01002599022","3","3.9","N/A"," Hurghada 2, Red Sea Governorate 84515 ","N/A","resort"
"https://www.google.com/maps/place/Pickalbatros+Dana+Beach+Resort+-+Hurghada/data=!4m10!3m9!1s0x1452802857c9238f:0x146fb41d9724015e!5m2!4m1!1i2!8m2!3d27.0967638!4d33.8321727!16s%2Fg%2F11c1pgl3c7!19sChIJjyPJVyiAUhQRXgEklx20bxQ?authuser=0&hl=en&rclk=1","Pickalbatros Dana Beach Resort - Hurghada","0653460401","11","4.6","https://www.pickalbatros.com/hotels-resorts/dana-beach-resort/"," Villages Road, Hurghada 1, Red Sea Governorate 84511 ","N/A","resort"
"https://www.google.com/maps/place/Selena+Bay+Resort/data=!4m10!3m9!1s0x145263610949bcfd:0x971169bf11cbdd99!5m2!4m1!1i2!8m2!3d27.3171077!4d33.7111811!16s%2Fg%2F11cp7r4z_z!19sChIJ_bxJCWFjUhQRmd3LEb9pEZc?authuser=0&hl=en&rclk=1","Selena Bay Resort","N/A","366","4.3","http://www.selenabay.com/"," Selena Bay Resort Coastal Road, Red Sea Governorate 84517 ","N/A","resort"
"https://www.google.com/maps/place/Zen+Resort+by+TBH+Hotels/data=!4m10!3m9!1s0x144d7ddd18ae180d:0x831e4e60af514688!5m2!4m1!1i2!8m2!3d27.0590756!4d33.8951883!16s%2Fg%2F11sbxrvlg6!19sChIJDRiuGN19TRQRiEZRr2BOHoM?authuser=0&hl=en&rclk=1","Zen Resort by TBH Hotels","01033356587","459","4.0","https://tbhhotels.com/zen-sahl-hashish"," Azzura, Hurghada 1, Red Sea Governorate ","N/A","resort"
"https://www.google.com/maps/place/M%C3%B6venpick+El+Gouna/data=!4m10!3m9!1s0x145287b534bf964d:0x838fc78ea358cc13!5m2!4m1!1i2!8m2!3d27.3950868!4d33.6855238!16s%2Fg%2F1hjhd3___!19sChIJTZa_NLWHUhQRE8xYo47Hj4M?authuser=0&hl=en&rclk=1","Mövenpick El Gouna","0653544501","6","4.5","https://movenpick.accor.com/en/africa/egypt/el-gouna/resort-el-gouna.html?merchantid=seo-maps-EG-B4L7&sourceid=aw-cen&utm_medium=seo+maps&utm_source=google+Maps&utm_campaign=seo+maps&utm_content=El-Gouna"," Hurghada 2, Red Sea Governorate 84511 ","N/A","resort"
"https://www.google.com/maps/place/Arabella+Azur+Resort/data=!4m10!3m9!1s0x14528636a54b2731:0x8368f93ce14f4544!5m2!4m1!1i2!8m2!3d27.2401917!4d33.8461198!16s%2Fg%2F11c60nhvw5!19sChIJMSdLpTaGUhQRREVP4Tz5aIM?authuser=0&hl=en&rclk=1","Arabella Azur Resort","01001714001","1","4.7","https://www.azurhospitality.com/"," El-Cornich St, Hurghada 1, Red Sea Governorate 84511 ","N/A","resort"
"https://www.google.com/maps/place/Mirage+Bay+Resort+%26+Aqua+Park/data=!4m10!3m9!1s0x144d7fd5620aa5fd:0xc93e9b34f57d6b13!5m2!4m1!1i2!8m2!3d27.09229!4d33.839306!16s%2Fg%2F11b73vb6_s!19sChIJ_aUKYtV_TRQRE2t99TSbPsk?authuser=0&hl=en&rclk=1","Mirage Bay Resort & Aqua Park","01029285547","5","3.4","https://www.mirage-bay.com/"," KM 17 200، طريق الغردقة - سفاجا, Red Sea Governorate ","N/A","resort"
"https://www.google.com/maps/place/Pickalbatros+Water+Valley+Resort+-+Neverland+Hurghada/data=!4m10!3m9!1s0x144d7f9a43e29333:0xb917c3a41ce9f2ec!5m2!4m1!1i2!8m2!3d27.0869335!4d33.8224981!16s%2Fg%2F11h11kkzh7!19sChIJM5PiQ5p_TRQR7PLpHKTDF7k?authuser=0&hl=en&rclk=1","Pickalbatros Water Valley Resort - Neverland Hurghada","0653464670","1","4.7","https://www.pickalbatros.com/water-valley-resort-neverland-hurghada"," 3RPC+483, طريق Hurghada - Safaga Rd, Hurghada 1, Red Sea Governorate 1961501 ","N/A","resort"

"Hurghada:",,"complex",,,,,,,,,,,,,,,
"GoogleMapsURL","Name","Phone","Rating","ReviewsCount","Website","Address","VisibleCategory","Category"
"https://www.google.com/maps/place/SUNRISE+Alma+Bay+Resort/data=!4m10!3m9!1s0x14528038bb714c39:0x8a7db810a26a8485!5m2!4m1!1i2!8m2!3d27.1162675!4d33.825051!16s%2Fg%2F11vl5d7p0s!19sChIJOUxxuziAUhQRhYRqohC4fYo?authuser=0&hl=en&rclk=1","SUNRISE Alma Bay Resort","0216032","5","4.9","https://www.sunrise-resorts.com/alma-bay-resort"," Km 14 Safaga Road, Hurghada 1, Red Sea Governorate 84511 ","N/A","complex"
"https://www.google.com/maps/place/Sheraton+Plaza+Hurghada/data=!4m7!3m6!1s0x145287ab7992b0a9:0x1a48d37025054ad!8m2!3d27.2212512!4d33.8386736!16s%2Fg%2F11cjp8hswv!19sChIJqbCSeauHUhQRrVRQAjeNpAE?authuser=0&hl=en&rclk=1","Sheraton Plaza Hurghada","N/A","278","4.2","https://apartmentsinhurghada.com/sheraton-plaza-in-hurghada/"," Sheraton Plaza, Sheraton Rd, Hurghada, Red Sea Governorate ","Condominium complex","complex"
"https://www.google.com/maps/place/Hurghada+Heights/data=!4m7!3m6!1s0x14528793eb16087b:0xa28d2adf79f66e85!8m2!3d27.2055724!4d33.844137!16s%2Fg%2F11s7zbhwgr!19sChIJewgW65OHUhQRhW72ed8qjaI?authuser=0&hl=en&rclk=1","Hurghada Heights","01227093393","5","5.0","N/A"," 6R4V+6MC The View Compound, Sheraton Rd, Hurghada 1, Red Sea Governorate 84511 ","Housing complex","complex"
"https://www.google.com/maps/place/Hurghada+Gardens/data=!4m7!3m6!1s0x145287a1f9d7868f:0x95c17688a2faf717!8m2!3d27.2269578!4d33.8194866!16s%2Fg%2F11cnchn7wt!19sChIJj4bX-aGHUhQRF_f6ooh2wZU?authuser=0&hl=en&rclk=1","Hurghada Gardens","N/A","70","3.9","N/A"," 6RG9+QQQ, Hurghada 1, Red Sea Governorate 1966401 ","Apartment complex","complex"
"https://www.google.com/maps/place/Hurghada/data=!4m7!3m6!1s0x14528742bbf65133:0xd5fff137df8486f7!8m2!3d27.2148318!4d33.8302724!16s%2Fg%2F11r_w8c4ls!19sChIJM1H2u0KHUhQR94aE3zfx_9U?authuser=0&hl=en&rclk=1","Hurghada","N/A","1","5.0","N/A"," Street 16, الغردقة، البحر الأحمر،،, Hurghada 1, Red Sea Governorate ","Apartment complex","complex"
"https://www.google.com/maps/place/My+house/data=!4m7!3m6!1s0x145287116c4a582b:0x4eb486339104f571!8m2!3d27.2121405!4d33.835079!16s%2Fg%2F11kpswkkkg!19sChIJK1hKbBGHUhQRcfUEkTOGtE4?authuser=0&hl=en&rclk=1","My house","N/A","2","5.0","N/A"," 6R6P+V24, Hurghada 1, Red Sea Governorate 1964241 ","Apartment complex","complex"
"https://www.google.com/maps/place/La+Mer+Residence+Hurghada/data=!4m7!3m6!1s0x145281d091bbf9ad:0x5576d9a84612b3fd!8m2!3d27.1565625!4d33.8230625!16s%2Fg%2F11rqsshdsj!19sChIJrfm7kdCBUhQR_bMSRqjZdlU?authuser=0&hl=en&rclk=1","La Mer Residence Hurghada","01067770180","4","4.8","https://diamond-eg.co/la-mer/"," Hurghada 1, Red Sea Governorate 84511 ","Apartment complex","complex"
"https://www.google.com/maps/place/%D9%83%D9%85%D8%A8%D9%88%D9%86%D8%AF+%D8%B3%D9%83%D8%A7%D9%8A%E2%80%AD/data=!4m7!3m6!1s0x145287ff49519991:0xb7c49658e9152b0b!8m2!3d27.2315995!4d33.8182914!16s%2Fg%2F11q7xrzysn!19sChIJkZlRSf-HUhQRCysV6ViWxLc?authuser=0&hl=en&rclk=1","كمبوند سكاي","01125242033","14","4.4","N/A"," Hurghada 1, Red Sea Governorate 1966403 ","Apartment complex","complex"
"https://www.google.com/maps/place/Siberian+tower+2/data=!4m7!3m6!1s0x1452873266f3c557:0x8b658e563eff38c5!8m2!3d27.2129665!4d33.832357!16s%2Fg%2F11vb9w3qbn!19sChIJV8XzZjKHUhQRxTj_PlaOZYs?authuser=0&hl=en&rclk=1","Siberian tower 2","N/A","2","4.0","N/A"," 6R7J+5X, Hurghada 1, Red Sea Governorate 1964232 ","Apartment complex","complex"
"https://www.google.com/maps/place/Villa+Cocos/data=!4m7!3m6!1s0x145287005a467409:0x8acc82775e73b1c1!8m2!3d27.1976984!4d33.8414275!16s%2Fg%2F11w4p6sns9!19sChIJCXRGWgCHUhQRwbFzXneCzIo?authuser=0&hl=en&rclk=1","Villa Cocos","N/A","1","5.0","N/A"," 5RXR+3HF, Hurghada 1, Red Sea Governorate 1963508 ","Apartment complex","complex"
"https://www.google.com/maps/place/%D8%A7%D9%84%D8%B3%D9%86%D8%AA%D8%B1+%D8%A7%D9%84%D9%84%D9%8A%D8%A8%D9%8A%E2%80%AD/data=!4m7!3m6!1s0x145287a195917e3f:0xadd19635da4404c0!8m2!3d27.2344662!4d33.8332011!16s%2Fg%2F11pv3j8fvl!19sChIJP36RlaGHUhQRwARE2jWW0a0?authuser=0&hl=en&rclk=1","السنتر الليبي","N/A","60","3.9","N/A"," 6RMM+Q7 قسم أول الغردقة، ","Apartment complex","complex"
"https://www.google.com/maps/place/Masaya+Hurghada/data=!4m7!3m6!1s0x145287cb330fd467:0xf10fa2f5242d88fb!8m2!3d27.240668!4d33.8414204!16s%2Fg%2F11gfh2lr98!19sChIJZ9QPM8uHUhQR-4gtJPWiD_E?authuser=0&hl=en&rclk=1","Masaya Hurghada","01012345678","193","4.3","N/A"," Talateen, Hurghada, Red Sea Governorate 1966751 ","Holiday apartment rental","complex"
"https://www.google.com/maps/place/Mazaj+Palace/data=!4m7!3m6!1s0x145281d73f81d149:0x607255d442a777ca!8m2!3d27.1404831!4d33.8194192!16s%2Fg%2F11y831zqd1!19sChIJSdGBP9eBUhQRynenQtRVcmA?authuser=0&hl=en&rclk=1","Mazaj Palace","01068183412","10","5.0","N/A"," 4RR9+CJX, Hurghada 1, Red Sea Governorate 1962123 ","Apartment complex","complex"
"https://www.google.com/maps/place/Turquoise+Complex/data=!4m7!3m6!1s0x14526325d172c1f7:0xd4738e2682e9853c!8m2!3d27.2960527!4d33.7457086!16s%2Fg%2F11ddww5x33!19sChIJ98Fy0SVjUhQRPIXpgiaOc9Q?authuser=0&hl=en&rclk=1","Turquoise Complex","N/A","119","4.2","N/A"," Hurghada, Red Sea Governorate 1981433 ","Apartment complex","complex"
"https://www.google.com/maps/place/Apartmen+Hossam+3+-+hurghada/data=!4m7!3m6!1s0x1452870006f3bd13:0x44d9fa873943804f!8m2!3d27.2073507!4d33.8375126!16s%2Fg%2F11wvqjtsnn!19sChIJE73zBgCHUhQRT4BDOYf62UQ?authuser=0&hl=en&rclk=1","Apartmen Hossam 3 - hurghada","01028737855","2","5.0","N/A"," Elhadaba Rd, Hurghada 1, Red Sea Governorate 1964221 ","Apartment complex","complex"
"https://www.google.com/maps/place/Marina/data=!4m7!3m6!1s0x1452871d91db1dd3:0x137b3a69d561f9ae!8m2!3d27.2341179!4d33.8299509!16s%2Fg%2F11t0pkn_rq!19sChIJ0x3bkR2HUhQRrvlh1Wk6exM?authuser=0&hl=en&rclk=1","Marina","N/A","5","4.8","N/A"," 6RMH+JXW, Hurghada 1, Red Sea Governorate 1966530 ","Apartment complex","complex"
"https://www.google.com/maps/place/214+B+El+Kawsar+%D9%A2%D9%A1%D9%A4%D8%A8+%D8%A7%D9%84%D9%83%D9%88%D8%AB%D8%B1%E2%80%AD/data=!4m7!3m6!1s0x1452877d1d8baa23:0x8021d12b22837200!8m2!3d27.192941!4d33.8234245!16s%2Fg%2F11h71n9nf4!19sChIJI6qLHX2HUhQRAHKDIivRIYA?authuser=0&hl=en&rclk=1","214 B El Kawsar ٢١٤ب الكوثر","N/A","25","4.4","https://maps.app.goo.gl/RY3yGNUqb736E8x86"," 5RVF+59F, الكوثر, Hurghada 1, Red Sea Governorate 84517 ","Apartment complex","complex"
"https://www.google.com/maps/place/%D9%83%D9%85%D8%A8%D9%88%D9%86%D8%AF+%D8%A8%D9%88%D8%B1%D8%AA%D9%88+%D8%A7%D9%84%D9%85%D8%B7%D8%A7%D8%B1+-+%D8%A7%D9%84%D8%AD%D8%AC%D8%A7%D8%B2%E2%80%AD/data=!4m7!3m6!1s0x145287ac3063bdb5:0x8d65d9bd8ad6b9c!8m2!3d27.2245697!4d33.8208734!16s%2Fg%2F11v6wk4vrv!19sChIJtb1jMKyHUhQRnGut2Jtd1gg?authuser=0&hl=en&rclk=1","كمبوند بورتو المطار - الحجاز","01097737368","2","5.0","N/A"," 6RF9+HW7، طريق الحجاز, Hurghada 1, Red Sea Governorate 1966002 ","Apartment complex","complex"
"https://www.google.com/maps/place/Sara+Residence/data=!4m7!3m6!1s0x1452873b34f2d83f:0x75451cc59a5ca64f!8m2!3d27.1917513!4d33.8297798!16s%2Fg%2F11cn0x9bsn!19sChIJP9jyNDuHUhQRT6ZcmsUcRXU?authuser=0&hl=en&rclk=1","Sara Residence","01287180033","13","4.5","N/A"," 5RRH+PW2, Bowling St, Touristic Villages, Hurghada 1, Red Sea Governorate 1962740 ","Apartment complex","complex"
"https://www.google.com/maps/place/La+Vista+Resort+Hurghada/data=!4m7!3m6!1s0x145281004ca17261:0xb53c86e552e171f0!8m2!3d27.1294929!4d33.821769!16s%2Fg%2F11vk5m3zsc!19sChIJYXKhTACBUhQR8HHhUuWGPLU?authuser=0&hl=en&rclk=1","La Vista Resort Hurghada","01559223220","2","5.0","N/A"," 4RHC+QPR, Hurghada 1, Red Sea Governorate 1962030 ","Apartment complex","complex"
"https://www.google.com/maps/place/Hurghada/data=!4m7!3m6!1s0x145287169bd31797:0x197ce34ca3871a89!8m2!3d27.235183!4d33.8313429!16s%2Fg%2F11sv_h6b_g!19sChIJlxfTmxaHUhQRiRqHo0zjfBk?authuser=0&hl=en&rclk=1","Hurghada","N/A","11","4.0","N/A"," أولاد بطاطا، شارع El-Nasr, Hurghada 1, Red Sea Governorate 1966531 ","Housing complex","complex"
"https://www.google.com/maps/place/The+Chedi+El+Gouna/data=!4m7!3m6!1s0x14526791d2b285b7:0x17fc0fa3cd49a6f2!8m2!3d27.396685!4d33.683137!16s%2Fg%2F11t2xwy7ls!19sChIJt4Wy0pFnUhQR8qZJzaMP_Bc?authuser=0&hl=en&rclk=1","The Chedi El Gouna","0653545162","460","4.8","https://www.thechedielgouna.com/?utm_campaign=Google_My_Business&utm_medium=GMB&utm_source=Google_My_Business"," Hill Villas Rd, Hurghada 2, Red Sea Governorate 84513 ","N/A","complex"
"https://www.google.com/maps/place/Violin+accessories/data=!4m7!3m6!1s0x145287b340e69ef9:0x55e73f4dbdb33660!8m2!3d27.1935084!4d33.8291361!16s%2Fg%2F11fmrk2jwz!19sChIJ-Z7mQLOHUhQRYDazvU0_51U?authuser=0&hl=en&rclk=1","Violin accessories","N/A","1","5.0","N/A"," Hurghada, El Kawthar district ,Shanzleh building , opposite to, Egyption Hospital, قسم الغردقة، البحر الأحمر،, Hurghada, Red Sea Governorate ","Apartment complex","complex"
"https://www.google.com/maps/place/Saber+house/data=!4m7!3m6!1s0x1452870b8414b163:0x1e3603484b51ccab!8m2!3d27.212586!4d33.833999!16s%2Fg%2F11skl8614l!19sChIJY7EUhAuHUhQRq8xRS0gDNh4?authuser=0&hl=en&rclk=1","Saber house","01000354799","6","5.0","N/A"," 6R7M+2HQ, Hurghada 1, Red Sea Governorate 1964240 ","Apartment complex","complex"
"https://www.google.com/maps/place/%D0%A1%D0%B8%D0%B1%D0%B8%D1%80%D1%81%D0%BA%D0%B0%D1%8F+%D0%B1%D0%B0%D1%88%D0%BD%D1%8F+1/data=!4m7!3m6!1s0x145287353890aa13:0x193f2a9ef267c730!8m2!3d27.2137399!4d33.8308553!16s%2Fg%2F11vdg10y55!19sChIJE6qQODWHUhQRMMdn8p4qPxk?authuser=0&hl=en&rclk=1","Сибирская башня 1","N/A","5","4.8","N/A"," 6R7J+F8Q Underconstructionbuildingforever, Al Fondok, Hurghada 1, Red Sea Governorate 1964230 ","Apartment complex","complex"
"https://www.google.com/maps/place/Venus+Complex/data=!4m7!3m6!1s0x1452873c65cdc47d:0x8abcaf32b1c94ac4!8m2!3d27.1950673!4d33.8266307!16s%2Fg%2F11b7pzl463!19sChIJfcTNZTyHUhQRxErJsTKvvIo?authuser=0&hl=en&rclk=1","Venus Complex","N/A","53","4.2","N/A"," Metro Street, Touristic Villages, Hurghada 1, Red Sea Governorate 1962745 ","Apartment complex","complex"
"https://www.google.com/maps/place/ICONIC+Resort/data=!4m7!3m6!1s0x1452870cef8277e7:0x86d9548f95b2916f!8m2!3d27.20416!4d33.8393288!16s%2Fg%2F11m692p4h3!19sChIJ53eC7wyHUhQRb5GylY9U2YY?authuser=0&hl=en&rclk=1","ICONIC Resort","01210010036","1","4.0","https://www.emperordevelopments.com/iconic-resort"," Elhadaba Rd, Hurghada 1, Red Sea Governorate 1964218 ","Apartment complex","complex"
"https://www.google.com/maps/place/Montana+Residence/data=!4m7!3m6!1s0x1452873c7bd1b9df:0xe15943fce0187aea!8m2!3d27.1938564!4d33.8267626!16s%2Fg%2F11c56rj60y!19sChIJ37nRezyHUhQR6noY4PxDWeE?authuser=0&hl=en&rclk=1","Montana Residence","01006361542","29","4.5","N/A"," al kawthar,, Hurghada, Red Sea Governorate ","Apartment complex","complex"
"https://www.google.com/maps/place/%D0%9D%D0%B0+%D0%BC%D0%B0%D0%B4%D0%B0%D1%80%D0%B5%D1%81/data=!4m7!3m6!1s0x145287756d3631fd:0x9f78853cc95fcd02!8m2!3d27.2129512!4d33.8364593!16s%2Fg%2F11tcr0z2t5!19sChIJ_TE2bXWHUhQRAs1fyTyFeJ8?authuser=0&hl=en&rclk=1","На мадарес","N/A","2","4.0","N/A"," 6R7P+5HP, Hurghada 1, Red Sea Governorate 1964604 ","Apartment complex","complex"
"https://www.google.com/maps/place/%D9%85%D8%AD%D9%85%D8%AF+%D8%A5%D8%B3%D9%85%D8%A7%D8%B9%D9%8A%D9%84+%D9%85%D8%AD%D9%85%D8%AF%E2%80%AD/data=!4m7!3m6!1s0x145287ed0fb1d85d:0xe7242945ebb4f6cd!8m2!3d27.223018!4d33.8242204!16s%2Fg%2F11s0rc6wj5!19sChIJXdixD-2HUhQRzfa060UpJOc?authuser=0&hl=en&rclk=1","محمد إسماعيل محمد","01223975507","4","3.0","N/A"," 6RFF+6M قسم أول الغردقة، ","Apartment complex","complex"
"https://www.google.com/maps/place/Shenouda+Gabriel/data=!4m7!3m6!1s0x145287a8a3413087:0x38e73f4baa51b382!8m2!3d27.2316514!4d33.813723!16s%2Fg%2F11pkm5jxqp!19sChIJhzBBo6iHUhQRgrNRqks_5zg?authuser=0&hl=en&rclk=1","Shenouda Gabriel","N/A","1","5.0","N/A"," 6RJ7+MF9، طريق الحجاز، الغردقة، البحر الأحمر،، قسم ثان الغردقة، البحر الأحمر،, Hurghada 1, 1952330 ","Apartment complex","complex"
"https://www.google.com/maps/place/%D8%B3%D9%83%D9%86+%D8%B9%D8%A7%D9%85%D9%84%D9%8A%D9%86+%D8%A8%D9%8A%D9%84%D8%A7+%D9%81%D9%8A%D8%B3%D8%AA%D8%A7+%D8%A7%D9%84%D9%85%D8%AF%D8%A7%D8%B1%D8%B3%E2%80%AD/data=!4m7!3m6!1s0x145287b3a8992b87:0xd98ee424d3fb8a9e!8m2!3d27.2145249!4d33.8331032!16s%2Fg%2F11jznxfqnd!19sChIJhyuZqLOHUhQRnor70yTkjtk?authuser=0&hl=en&rclk=1","سكن عاملين بيلا فيستا المدارس","N/A","4","4.0","N/A"," 6R7M+Q65، قسم أول الغردقة، البحر الأحمر 1964701، ","Apartment complex","complex"
"https://www.google.com/maps/place/%D8%A7%D9%84%D8%A8%D9%8A%D8%AA%E2%80%AD/data=!4m7!3m6!1s0x14528707186bc479:0xb157c0b27b103c04!8m2!3d27.2506362!4d33.8318523!16s%2Fg%2F11sv_blg8s!19sChIJecRrGAeHUhQRBDwQe7LAV7E?authuser=0&hl=en&rclk=1","البيت","N/A","3","5.0","N/A"," 7R2J+7P5 سور الازاعه والتلفزيون, Hurghada 2, Red Sea Governorate 1971716 ","Apartment complex","complex"
"https://www.google.com/maps/place/%D9%87%D8%A7%D8%A8+%D8%B1%D9%8A%D8%B2%D9%88%D8%B1%D8%AA%E2%80%AD/data=!4m7!3m6!1s0x145281dd94a75645:0x7ff2e1508ed8647f!8m2!3d27.1552345!4d33.8206387!16s%2Fg%2F11sc3p1d4x!19sChIJRVanlN2BUhQRf2TYjlDh8n8?authuser=0&hl=en&rclk=1","هاب ريزورت","01060014791","2","4.5","N/A"," 5R4C+37R, Hurghada 1, Red Sea Governorate 1962403 ","Apartment complex","complex"
"https://www.google.com/maps/place/Apartment+For+Sale/data=!4m7!3m6!1s0x145287847ec8642b:0x7e01dd6a5bc9d57b!8m2!3d27.1954426!4d33.8239555!16s%2Fg%2F11r3272_rn!19sChIJK2TIfoSHUhQRe9XJW2rdAX4?authuser=0&hl=en&rclk=1","Apartment For Sale","01004402733","1","5.0","N/A"," 5RWF+5HG, Touristic Villages, Hurghada 1, Red Sea Governorate 1962737 ","Apartment complex","complex"
"https://www.google.com/maps/place/%D9%85%D8%B3%D8%A7%D9%83%D9%86+%D8%A7%D9%84%D8%A7%D8%B9%D9%84%D8%A7%D9%86+%D8%A7%D9%84%D8%B9%D8%A7%D8%B4%D8%B1+%D8%B9%D9%85%D8%A7%D8%B1%D9%87+%D8%A7%D9%84%D8%A8%D8%B1%D9%86%D8%B3233%E2%80%AD/data=!4m7!3m6!1s0x14528748e6a71523:0x6cad9374e9348b35!8m2!3d27.2298612!4d33.805286!16s%2Fg%2F11j_2049hb!19sChIJIxWn5kiHUhQRNYs06XSTrWw?authuser=0&hl=en&rclk=1","مساكن الاعلان العاشر عماره البرنس233","N/A","2","5.0","N/A"," 6RJ4+43G، قسم ثان الغردقة، البحر الأحمر 1952321، ","Apartment complex","complex"
"https://www.google.com/maps/place/%D8%B2%D9%87%D8%B1%D8%A7%D8%A1+%D8%A7%D9%84%D8%BA%D8%B1%D8%AF%D9%82%D8%A9%E2%80%AD/data=!4m7!3m6!1s0x14528783ee1577ad:0x3c05fa9e7642a857!8m2!3d27.2240975!4d33.8078576!16s%2Fg%2F11kblczf4b!19sChIJrXcV7oOHUhQRV6hCdp76BTw?authuser=0&hl=en&rclk=1","زهراء الغردقة","N/A","6","3.5","N/A"," 6RF5+J4Q، الشيخ شحات، ابوعشرة, Hurghada 1, Red Sea Governorate 1952302 ","Apartment complex","complex"
"https://www.google.com/maps/place/%D8%B3%D9%83%D9%86+%D8%B5%D9%81%D9%88%D8%AA+%D8%A8%D8%A7%D9%84%D8%BA%D8%B1%D8%AF%D9%82%D8%A9%E2%80%AD/data=!4m7!3m6!1s0x14528700110cfd6f:0xb56d115f40c97e51!8m2!3d27.2225684!4d33.8099413!16s%2Fg%2F11xghvm46p!19sChIJb_0MEQCHUhQRUX7JQF8RbbU?authuser=0&hl=en&rclk=1","سكن صفوت بالغردقة","N/A","N/A","N/A","N/A"," 6RF6+435, Hurghada 1, Red Sea Governorate 1952202 ","Apartment complex","complex"
